Identifier,StructureData,
Entry ID,PDB ID,
"1AAL","1AAL"
"1AAP","1AAP"
"1B0C","1B0C"
"1BHC","1BHC"
"1BPI","1BPI"
"1BPT","1BPT"
"1BRC","1BRC"
"1BTH","1BTH"
"1BTI","1BTI"
"1BZ5","1BZ5"
"1BZX","1BZX"
"1CA0","1CA0"
"1CBW","1CBW"
"1D0D","1D0D"
"1EAW","1EAW"
"1EJM","1EJM"
"1F5R","1F5R"
"1F7Z","1F7Z"
"1FAK","1FAK"
"1FAN","1FAN"
"1FY8","1FY8"
"1G6X","1G6X"
"1K6U","1K6U"
"1KNT","1KNT"
"1KTH","1KTH"
"1MTN","1MTN"
"1NAG","1NAG"
"1P2I","1P2I"
"1P2J","1P2J"
"1P2K","1P2K"
"1P2M","1P2M"
"1P2N","1P2N"
"1P2O","1P2O"
"1P2Q","1P2Q"
"1QLQ","1QLQ"
"1T7C","1T7C"
"1T8L","1T8L"
"1T8M","1T8M"
"1T8N","1T8N"
"1T8O","1T8O"
"1TAW","1TAW"
"1TFX","1TFX"
"1TPA","1TPA"
"1YC0","1YC0"
"1YKT","1YKT"
"1YLC","1YLC"
"1YLD","1YLD"
"1ZJD","1ZJD"
"1ZR0","1ZR0"
"2FI3","2FI3"
"2FI4","2FI4"
"2FI5","2FI5"
"2FTL","2FTL"
"2FTM","2FTM"
"2HEX","2HEX"
"2IJO","2IJO"
"2KAI","2KAI"
"2KNT","2KNT"
"2PTC","2PTC"
"2R9P","2R9P"
"2RA3","2RA3"
"2TGP","2TGP"
"2TPI","2TPI"
"2ZJX","2ZJX"
"2ZVX","2ZVX"
"3BTD","3BTD"
"3BTE","3BTE"
"3BTF","3BTF"
"3BTG","3BTG"
"3BTH","3BTH"
"3BTK","3BTK"
"3BTM","3BTM"
"3BTQ","3BTQ"
"3BTT","3BTT"
"3BTW","3BTW"
"3FP6","3FP6"
"3FP7","3FP7"
"3FP8","3FP8"
"3GYM","3GYM"
"3L33","3L33"
"3LDI","3LDI"
"3LDJ","3LDJ"
"3LDM","3LDM"
"3OTJ","3OTJ"
"3P92","3P92"
"3P95","3P95"
"3TGI","3TGI"
"3TGJ","3TGJ"
"3TGK","3TGK"
"3TPI","3TPI"
"3U1J","3U1J"
"3WNY","3WNY"
"4BQD","4BQD"
"4DG4","4DG4"
"4DTG","4DTG"
"4ISL","4ISL"
"4ISN","4ISN"
"4ISO","4ISO"
"4PTI","4PTI"
"4TPI","4TPI"
"4U30","4U30"
"4U32","4U32"
"4WWY","4WWY"
"4WXV","4WXV"
"4Y0Y","4Y0Y"
"4Y0Z","4Y0Z"
"4Y10","4Y10"
"4Y11","4Y11"
"5JB4","5JB4"
"5JB5","5JB5"
"5JB6","5JB6"
"5JB7","5JB7"
"5JBT","5JBT"
"5NX1","5NX1"
"5NX3","5NX3"
"5PTI","5PTI"
"5XX2","5XX2"
"5XX3","5XX3"
"5XX4","5XX4"
"5XX5","5XX5"
"5XX6","5XX6"
"5XX7","5XX7"
"5XX8","5XX8"
"5YVU","5YVU"
"5YW1","5YW1"
"6F1F","6F1F"
"6PTI","6PTI"
"7PH1","7PH1"
"7PTI","7PTI"
"7QIQ","7QIQ"
"7QIR","7QIR"
"7QIS","7QIS"
"7QIT","7QIT"
"8PTI","8PTI"
"9PTI","9PTI"
